first_name,last_name,street_address,city,state,zip_code
Emyle,Wastling,7763 Rusk Hill,El Paso,Texas,79911
Willard,Greenard,12 Gina Court,Rochester,New York,14609
Wilton,Jerrems,690 Clyde Gallagher Street,Boca Raton,Florida,33432
Sandro,Birks,538 Village Green Alley,Stockton,California,95219
Zachary,Sherwell,5 Florence Place,Saint Paul,Minnesota,55188
Gloriana,Guppy,79159 Chinook Junction,Evansville,Indiana,47719
Mikol,Retchford,4 Bobwhite Junction,Wichita,Kansas,67260
Peadar,Greed,1 Bowman Drive,Buffalo,New York,14225
Hedvige,Welldrake,85 Oriole Terrace,Saginaw,Michigan,48609
Farand,McLean,8070 Butternut Way,Spring,Texas,77388
Goran,Trethowan,1 Butterfield Street,Sioux Falls,South Dakota,57198
Glory,Cabedo,5 Comanche Pass,Indianapolis,Indiana,46247
Justinn,Cordelette,7 Orin Road,Fresno,California,93721
Rayshell,Rundle,825 Jenifer Parkway,Nashville,Tennessee,37240
Quincy,Melliard,41 Mallard Drive,Alexandria,Virginia,22309
Rebekah,Minshull,61 Hermina Terrace,Syracuse,New York,13224
Zorah,Pantridge,6561 Oak Park,Schenectady,New York,12325
Calv,Durbyn,8097 Everett Road,Santa Clara,California,95054
Pavel,Cabrara,37 Derek Avenue,Sacramento,California,95823
Redford,Lackham,24 Union Trail,Reno,Nevada,89519
Rosalyn,Wicklin,98 Service Junction,Jamaica,New York,11480
Winn,Kunrad,10021 Hayes Street,Fresno,California,93715
Katusha,Mee,57066 Packers Point,Richmond,Virginia,23272
Garek,Brunelli,94744 Badeau Drive,Portland,Oregon,97286
Michaella,Aleixo,6712 Fisk Junction,Naples,Florida,34108
Curr,Gilcrist,08874 Hermina Crossing,San Diego,California,92137
Bobby,Bromley,2 Little Fleur Street,Las Cruces,New Mexico,88006
Sharline,Howarth,22 Mayer Park,Washington,District of Columbia,20029
Brande,Atheis,6877 Elgar Drive,Saint Petersburg,Florida,33705
Lynnette,Roff,2 Walton Street,Alexandria,Virginia,22301
Izak,Trimming,05374 Coleman Park,Anchorage,Alaska,99517
Ramsay,Wayt,2653 Golden Leaf Terrace,New York City,New York,10203
Tresa,Feldhorn,3 Roxbury Road,Bonita Springs,Florida,34135
Kaile,Scripps,3655 Moland Crossing,Aurora,Colorado,80045
Aarika,Vila,30030 Lakeland Trail,Columbus,Mississippi,39705
Christina,Eick,3 Hoard Junction,Syracuse,New York,13205
Abelard,Gavigan,0 Bellgrove Alley,Los Angeles,California,90065
Wye,Dominguez,5 Nancy Way,Redwood City,California,94064
Shalom,Balaison,45752 Katie Avenue,Denver,Colorado,80299
Aguie,Danilyuk,854 Troy Street,Santa Fe,New Mexico,87505
Almeda,McGaraghan,7 Bobwhite Place,New York City,New York,10280
Reg,Pottiphar,8 Utah Parkway,Buffalo,New York,14215
Rafaelita,Tennock,2 Novick Parkway,South Bend,Indiana,46634
Laurena,Pedrol,071 Bunker Hill Hill,Midland,Texas,79710
Wilma,Jorgensen,02 Jackson Terrace,San Antonio,Texas,78250
Khalil,Spiers,572 Portage Junction,Minneapolis,Minnesota,55436
Breanne,Swendell,168 Logan Avenue,Louisville,Kentucky,40293
Maryjane,Costall,27 Welch Court,San Antonio,Texas,78225
Blinnie,Chatres,8939 Hanson Center,Tacoma,Washington,98447
Goldarina,Belsey,781 Autumn Leaf Avenue,Spokane,Washington,99210
Gayla,Sennett,762 Reinke Alley,San Diego,California,92105
Bevan,Willisch,5467 Schlimgen Hill,Washington,District of Columbia,20337
Ali,Geist,32 Sommers Drive,Honolulu,Hawaii,96850
Weston,Biesinger,88 Green Ridge Drive,Oakland,California,94605
Morley,Van Brug,4965 Carberry Trail,Bakersfield,California,93305
Woody,Kindall,32300 Fairfield Park,New Orleans,Louisiana,70183
Nappie,Choke,3 Gina Way,Loretto,Minnesota,55598
Alayne,MacMenamie,33 Waubesa Center,Huntsville,Texas,77343
Maxim,Tritton,66 Lyons Avenue,Wilmington,Delaware,19886
Mareah,Danilchenko,5268 Dixon Court,Brea,California,92822
Klara,Mews,46652 Hanson Lane,Houston,Texas,77218
Scottie,Janiszewski,0 Jana Park,Hollywood,Florida,33028
Meier,Bruhn,51614 Northfield Terrace,Hampton,Virginia,23668
Milty,Omond,01033 Forest Dale Park,Orlando,Florida,32803
Jared,Astling,8208 Boyd Terrace,Anchorage,Alaska,99507
Odey,Bassingham,39 Beilfuss Park,Houston,Texas,77065
Morna,Piggot,65668 Carey Road,Tucson,Arizona,85710
Con,Mallows,088 Lawn Pass,Largo,Florida,34643
Cristi,Cuxon,1126 Waubesa Parkway,Columbia,South Carolina,29208
Matteo,De Bellis,8 Commercial Lane,Memphis,Tennessee,38181
Bel,Liveing,65011 Weeping Birch Crossing,Carol Stream,Illinois,60158
Pegeen,Langsdon,7 Moland Crossing,Birmingham,Alabama,35210
Zsazsa,Ucchino,5653 Kennedy Junction,Pueblo,Colorado,81015
Lonnie,Sandford,6987 Susan Center,Albuquerque,New Mexico,87201
Kati,Tweedle,0212 Hooker Terrace,Washington,District of Columbia,20238
Odetta,Shillaber,58 Superior Lane,Roanoke,Virginia,24020
Leanna,Labon,86923 Algoma Avenue,Miami,Florida,33196
Engelbert,De Luna,0696 Monument Alley,Baton Rouge,Louisiana,70883
Gerrie,Mendonca,2847 Orin Trail,Hot Springs National Park,Arkansas,71914
Hurlee,Cuff,379 Brentwood Plaza,Cincinnati,Ohio,45228
Tracie,Maharry,383 Corscot Hill,Los Angeles,California,90101
Burg,Rosenkranc,69 Warrior Circle,Portsmouth,Virginia,23705
Katya,Bresnahan,4 Warrior Lane,Austin,Texas,78749
Leeanne,O'Murtagh,238 Graedel Junction,Salt Lake City,Utah,84199
Marcile,Carleman,856 Hollow Ridge Parkway,Laredo,Texas,78044
Elsworth,Galia,5 Cody Alley,Tucson,Arizona,85743
Helyn,Bruckental,3 Dryden Pass,Durham,North Carolina,27705
Poppy,Bretton,09 Michigan Pass,Houston,Texas,77223
Adolphe,Fomichkin,4262 Cardinal Lane,Houston,Texas,77020
Honor,Benedict,7243 Brickson Park Drive,Jersey City,New Jersey,07310
Phylys,Faraday,9956 Troy Place,Honolulu,Hawaii,96805
Angelo,Birkby,3 Summer Ridge Lane,Chicago,Illinois,60636
Leta,Olenchikov,4045 Bunting Point,Jamaica,New York,11447
Silvano,Tonkes,3604 Lien Point,Fort Wayne,Indiana,46896
Titus,Bimson,2777 Stang Avenue,Long Beach,California,90831
Christopher,Smails,9 Browning Alley,Saint Louis,Missouri,63150
Jannel,Osband,64391 Graceland Avenue,Scottsdale,Arizona,85260
Louisette,Shelborne,951 Spenser Court,Fairfax,Virginia,22036
Edeline,Vise,058 Everett Court,Brockton,Massachusetts,02405
Roobbie,Shugg,709 Barby Road,Pasadena,California,91131
Daloris,Jakab,52 Sunbrook Circle,Houston,Texas,77075
Broddie,Mattheus,279 1st Crossing,Boston,Massachusetts,02114
Bennie,Rennebeck,3 Shasta Center,Kingsport,Tennessee,37665
Ripley,Osorio,25831 Bartelt Crossing,Miami,Florida,33164
Lura,Cunnington,5 Hansons Plaza,Arlington,Virginia,22225
Donna,Leveret,725 Alpine Circle,Washington,District of Columbia,20073
Nevsa,Peat,024 Northridge Lane,Lexington,Kentucky,40515
Bobbie,Chapier,4 Dexter Trail,Nashville,Tennessee,37240
Ranique,Di Maria,354 Fieldstone Lane,Laredo,Texas,78044
Antonie,Stearley,303 Truax Plaza,Birmingham,Alabama,35254
Penn,Booy,7 Hoepker Pass,Houston,Texas,77090
Manny,Darragh,1 Pepper Wood Avenue,Glendale,Arizona,85305
Templeton,Zmitrichenko,674 Eagle Crest Lane,Houston,Texas,77035
Lianna,Wethey,377 Monument Drive,Grand Rapids,Michigan,49560
Sawyere,Bonifazio,09654 Hauk Terrace,Salt Lake City,Utah,84189
Katinka,Hockell,49 Lerdahl Court,Daytona Beach,Florida,32118
Marybeth,Castiello,2 Nelson Parkway,Concord,California,94522
Stinky,Boylin,47646 Pawling Point,Raleigh,North Carolina,27635
Neile,Olsen,779 Westport Road,Santa Fe,New Mexico,87592
Pasquale,Bouda,21792 Fair Oaks Parkway,Baton Rouge,Louisiana,70815
Mord,Rallin,8 Warbler Parkway,Waterbury,Connecticut,06705
Tori,Fidell,96460 Anthes Point,Phoenix,Arizona,85025
Nels,Cole,838 Dottie Lane,Oklahoma City,Oklahoma,73179
Lotta,Kidman,1 Sundown Circle,Dallas,Texas,75210
Hedy,Lymbourne,5 Basil Street,Whittier,California,90605
Misty,Eccleshare,32 Petterle Point,Tampa,Florida,33615
Hinda,Jeyes,9 Tomscot Hill,Akron,Ohio,44315
Nickolai,Trubshaw,134 Meadow Ridge Point,Bismarck,North Dakota,58505
Latia,Letixier,048 Schurz Pass,Miami,Florida,33233
Dulcinea,Freezer,4795 Bellgrove Alley,Louisville,Kentucky,40233
Leia,Pallis,65 Northport Court,Tacoma,Washington,98405
Leeanne,Coggeshall,660 Heffernan Street,Honolulu,Hawaii,96805
Pieter,Chatan,13133 Hagan Hill,Memphis,Tennessee,38161
Alexandre,Dyshart,61 Stang Crossing,Boise,Idaho,83716
Mair,O'Cahsedy,996 Morning Plaza,Santa Ana,California,92705
Gabriello,Gonsalvo,22 Hooker Alley,New York City,New York,10019
Gideon,Radbourne,34 Derek Lane,Tampa,Florida,33661
Steffi,Willshear,48 Kipling Pass,Mobile,Alabama,36610
Mersey,Gent,668 American Ash Pass,San Diego,California,92145
Carolin,Baudon,6 Hallows Junction,Newark,New Jersey,07188
Ali,Petto,4418 Holmberg Circle,Chicago,Illinois,60609
Jacintha,Alders,189 Hooker Point,Houston,Texas,77035
Chane,Jarmyn,2540 Cordelia Way,Young America,Minnesota,55573
Aileen,Studd,38 Sloan Terrace,Sacramento,California,95818
Imogen,Chrishop,8090 Jackson Crossing,Huntington,West Virginia,25705
Toma,McBeth,7 Novick Way,Loretto,Minnesota,55598
Roslyn,Quinevan,26 Melrose Alley,Iowa City,Iowa,52245
Alexis,Prestige,74057 Johnson Place,Iowa City,Iowa,52245
Frannie,Monckton,17140 Leroy Circle,Bakersfield,California,93399
Phillida,Ranahan,2 Upham Street,Milwaukee,Wisconsin,53277
Maris,Rive,96667 Orin Pass,Sacramento,California,95894
Shepard,Minguet,1 Stephen Terrace,Beaumont,Texas,77713
Gustave,Tanman,41 Namekagon Park,Newton,Massachusetts,02458
Pepito,Borley,44 Clarendon Pass,Trenton,New Jersey,08638
Carce,Perkins,54 Ridge Oak Park,Memphis,Tennessee,38150
Cory,Bonelle,23 Lakewood Gardens Street,Portland,Oregon,97232
Heidi,Hacksby,662 Killdeer Crossing,Las Vegas,Nevada,89166
Archy,Clair,1 West Terrace,Spokane,Washington,99205
Heindrick,Achurch,776 Mifflin Street,Shawnee Mission,Kansas,66276
Tobie,Ambrose,0691 Bashford Court,Gulfport,Mississippi,39505
Otes,Airton,715 Sachs Place,Fort Worth,Texas,76115
Bald,Ness,5 Division Road,Shreveport,Louisiana,71130
Elisabeth,Ludl,85 Bay Junction,Fort Pierce,Florida,34949
Maggy,Jakubiak,953 Holmberg Terrace,Portland,Oregon,97296
Regen,Sharnock,1 Reindahl Parkway,Houston,Texas,77090
Jesus,Lagneaux,977 Kedzie Park,Spring,Texas,77386
Ranice,Touzey,159 Myrtle Hill,New Orleans,Louisiana,70116
Rozina,Buyers,6149 Leroy Street,Wilmington,North Carolina,28410
Mair,Veivers,038 Lindbergh Crossing,Decatur,Georgia,30089
Koressa,Gurney,898 Hansons Trail,Macon,Georgia,31205
Carlina,Truman,71973 Parkside Street,Brooklyn,New York,11241
Leigh,Atheis,825 Pond Terrace,Washington,District of Columbia,20078
Erminia,Worsom,5 Milwaukee Pass,Lansing,Michigan,48901
Veriee,Rexworthy,2866 Bunker Hill Plaza,Albuquerque,New Mexico,87115
Shir,Sliman,13348 Merry Road,Santa Barbara,California,93106
Adair,Leyson,02483 Mallard Hill,Stamford,Connecticut,06922
Arnie,Cochet,0 Eagan Plaza,Fresno,California,93778
Inna,Fyrth,2 Corscot Street,Detroit,Michigan,48258
Vernen,Flaws,42068 Monterey Alley,Tampa,Florida,33647
Carissa,Warrington,88610 Golden Leaf Pass,Jacksonville,Florida,32225
Montgomery,Cast,436 Merrick Way,Waterbury,Connecticut,06705
Thorny,Abels,1884 Arrowood Trail,Baltimore,Maryland,21216
Selle,Hayesman,44 Jenifer Pass,Anchorage,Alaska,99512
Ibby,Gheeorghie,80493 Graedel Park,Pueblo,Colorado,81010
Danny,Troyes,7 Katie Court,Omaha,Nebraska,68105
Charmion,Haggish,82495 Caliangt Way,North Hollywood,California,91606
Reeta,Brucker,9 Dapin Road,Shawnee Mission,Kansas,66205
Ernaline,Sleigh,365 Almo Avenue,Washington,District of Columbia,20599
Celestine,Keetch,3 Becker Point,Fort Wayne,Indiana,46867
Toddie,Stoller,04161 Rieder Way,Shawnee Mission,Kansas,66276
Samson,Prozillo,71 Jay Trail,Decatur,Georgia,30089
Averil,Dearden,1 Garrison Center,Tampa,Florida,33647
Doris,Leate,20732 Grim Alley,Jacksonville,Florida,32277
Sean,Selvester,76 Summer Ridge Road,Redwood City,California,94064
Delmor,Pallant,0825 Manufacturers Lane,Denver,Colorado,80243
Adriano,Euesden,9790 Sommers Hill,Los Angeles,California,90065
Natka,Siley,87397 Scofield Way,Indianapolis,Indiana,46295
Karel,Marte,0 Badeau Hill,Anderson,South Carolina,29625
Yorgos,Robilart,51 Buhler Plaza,Washington,District of Columbia,20380
Sidnee,Tibbles,06451 Mariners Cove Road,Gaithersburg,Maryland,20883
Annadiana,Gillespie,28737 Prairieview Park,Saint Louis,Missouri,63158
Clerissa,Dyball,49 Hallows Trail,Visalia,California,93291
Issi,Cisneros,80 Sundown Junction,Rochester,New York,14614
Jozef,Tyne,021 Judy Drive,Sioux City,Iowa,51110
Quintus,Elmes,03 Dorton Crossing,Mesa,Arizona,85205
Clemmie,Eilhertsen,4 Anthes Way,Virginia Beach,Virginia,23471
Carling,Rout,61201 Sherman Lane,Peoria,Illinois,61651
Shermy,Hedger,100 Golf Course Alley,Bethesda,Maryland,20816
Rutter,Lorden,6 School Alley,Young America,Minnesota,55573
Lilli,Bauckham,267 Hovde Way,Birmingham,Alabama,35242
Bernarr,Beadham,0 Melody Crossing,Columbia,South Carolina,29220
Wittie,Beadle,15 Golf Plaza,Saint Petersburg,Florida,33705
Yolanthe,Mathon,4509 Cambridge Pass,Tampa,Florida,33610
Lainey,Stilly,252 Scofield Street,Humble,Texas,77346
Stevena,Richie,8 Village Green Junction,Anniston,Alabama,36205
Valencia,Renshall,3318 2nd Way,Pittsburgh,Pennsylvania,15210
Xavier,Heritege,8412 Aberg Drive,Greensboro,North Carolina,27499